electrode_type,saline_concentration,artifact_score,quality_score,mean_impedance,combined_score,config
felt,low,16.984089351230857,70.28675794697952,0.9750200237146429,58.349192175181166,felt_low
felt,medium,10.783006087051868,91.94530198605473,0.39388286263830363,82.03083447614023,felt_medium
felt,high,4.794790186756408,100.0,0.13218198788936422,95.2052098132436,felt_high
sponge,low,13.354814097549806,70.65878801083022,1.0089943958984429,61.222438228402034,sponge_low
sponge,medium,4.2712407890973365,78.21404812642588,0.8549560294811185,74.87333780004575,sponge_medium
sponge,high,11.394574642741762,98.15870798153028,0.29599907119426366,86.9739407322239,sponge_high
